aethon	The Legend of Randidly Ghosthound
aethon	System Change
aethon	Domestication
aethon	The Stubborn Skill-Grinder in a Time Loop
aethon	The Adventurer's Summons
aethon	Warmage
aethon	Rock, Paper, Boss Battle
aethon	Sovereign System
aethon	Objects in Motion
aethon	Brand of the Bloodheir
aethon	Age of Stone
aethon	Rune Seeker
aethon	Ranger's Oath
aethon	Academy of Outcasts
aethon	Ironbound
aethon	Against All Odds
aethon	Cultivation Nerd
aethon	Tales of a Far Rider
aethon	Gladesbale Grove
aethon	Path of the Paladin
aethon	Grimm's War
aethon	Drop Trooper
shadowalley	Viridian Gate Online
shadowalley	Rogue Dungeon
shadowalley	Vigil Bound
shadowalley	Shadowcroft Academy
shadowalley	Snake's Life
shadowalley	Dungeon Heart
shadowalley	Fae Nexus
shadowalley	All-Knowing Novice
shadowalley	Apocalypse Redux
shadowalley	Discount Dan
shadowalley	The Apocalypse is a Side Quest
shadowalley	Celestial Citadel
shadowalley	In Another World, I Must Train My Dungeon
aethon	Beneath the Dragoneye Moons
gr-prog-litrpg	Amelia the Level Zero Hero
gr-prog-litrpg	Mageling
gr-prog-litrpg	The Calamitous Bob
gr-prog-litrpg	Foundations
gr-prog-litrpg	Curious Beginnings
gr-prog-litrpg	Godclads
gr-prog-litrpg	The Atlas
gr-prog-litrpg	A Soldier's Life
gr-prog-litrpg	Sobral City
gr-prog-litrpg	Death of the Ideal
gr-prog-litrpg	A Small Town in Southern Illvaria
