progression-fantasy	62130	Unsouled
progression-fantasy	45039	Soulsmith
progression-fantasy	41416	Blackflame
progression-fantasy	38896	Skysworn
progression-fantasy	35726	Uncrowned
progression-fantasy	37026	Underlord
progression-fantasy	37897	Ghostwater
progression-fantasy	35033	Wintersteel
progression-fantasy	32560	Bloodline
progression-fantasy	31919	Reaper
progression-fantasy	28761	Dreadgod
progression-fantasy	14976	Mother of Learning: ARC 1
progression-fantasy	25331	Waybound
progression-fantasy	19143	Iron Prince
progression-fantasy	27927	Sufficiently Advanced Magic
progression-fantasy	561932	Dungeon Crawler Carl
progression-fantasy	13311	Into the Labyrinth
progression-fantasy	49664	He Who Fights with Monsters
progression-fantasy	7441	Bastion
progression-fantasy	11169	Mark of the Fool
progression-fantasy	16811	Defiance of the Fall
progression-fantasy	371240	Carl's Doomsday Scenario
progression-fantasy	15281	Beware of Chicken
progression-fantasy	9383	The Path of Ascension
progression-fantasy	10010	Jewel of the Endless Erg
progression-fantasy	16496	On the Shoulders of Titans
progression-fantasy	302228	The Dungeon Anarchist's Cookbook
progression-fantasy	3439	Soulhome
progression-fantasy	11133	All the Skills
progression-fantasy	16411	The Wandering Inn
progression-fantasy	24096	The Primal Hunter
progression-fantasy	247297	The Gate of the Feral Gods
progression-fantasy	7228	The First Step
progression-fantasy	18607	House of Blades
progression-fantasy	10758	Azarinth Healer
progression-fantasy	178920	The Eye of the Bedlam Bride
progression-fantasy	210690	The Butcher's Masquerade
progression-fantasy	10598	Fire and Song
dungeon-core	14384	Dungeon Born
dungeon-core	10442	Dungeon Madness
dungeon-core	9533	Dungeon Calamity
dungeon-core	7077	Dungeon Desolation
dungeon-core	2545	Dungeon World
dungeon-core	2144	The Crafter's Defense
dungeon-core	3029	The Crafter's Dungeon
dungeon-core	5841	Dungeon Eternium
dungeon-core	1579	Repel Boarders
dungeon-core	1340	The Laboratory
dungeon-core	1933	The Slime Dungeon
dungeon-core	1939	Bone Dungeon
dungeon-core	1385	Dungeon Life: An Isekai LitRPG
dungeon-core	1575	Establish
dungeon-core	1910	Dungeon World 2
dungeon-core	1003	Bunker Core
dungeon-core	1536	The Station Core
dungeon-core	1202	Dungeon Heart: The Singing Mountain
dungeon-core	3095	Dungeon Deposed
dungeon-core	1253	The Dungeon's Town
dungeon-core	864	Wrath
dungeon-core	1035	Tree Dungeon
dungeon-core	951	God of Gnomes
dungeon-core	865	Dungeon Life 2: An Isekai LitRPG
dungeon-core	798	Dungeon Core Online: Remastered Edition - Book One
dungeon-core	1124	Infernal Bones
dungeon-core	1064	Cat Core
dungeon-core	324	The Boneless Dungeon: Rebirth
dungeon-core	4322	Dungeon Lord
dungeon-core	938	The Dungeon Fairy
litrpg-gamelit	26181	The Land: Founding
litrpg-gamelit	16151	The Land: Forging
litrpg-gamelit	14455	The Land: Alliances
litrpg-gamelit	13370	The Land: Catacombs
litrpg-gamelit	12641	The Land: Swarm
litrpg-gamelit	12834	The Land: Raiders
litrpg-gamelit	12206	The Land: Predators
litrpg-gamelit	17248	Catharsis
litrpg-gamelit	11422	Precipice
litrpg-gamelit	8103	Evolution
litrpg-gamelit	6325	Dominion
litrpg-gamelit	16285	Ritualist
litrpg-gamelit	11943	Regicide
litrpg-gamelit	7024	Rexus: Side Quest
litrpg-gamelit	9096	Life Reset
litrpg-gamelit	6371	EvP
litrpg-gamelit	5095	Hobnobbing
litrpg-gamelit	4973	The Trapped Mind Project
litrpg-gamelit	9626	The Two Week Curse
litrpg-gamelit	7320	The Second Realm
litrpg-gamelit	6721	The Third Realm
litrpg-gamelit	6294	The Fourth Realm
litrpg-gamelit	5704	The Fifth Realm
litrpg-gamelit	6213	Cataclysm
litrpg-gamelit	15024	NPCs
litrpg-gamelit	2571	World-Tree Online
litrpg-gamelit	43256	Off to Be the Wizard
litrpg-gamelit	4979	The Reborn
litrpg-gamelit	4495	Welcome to Ludus
litrpg-gamelit	6584	Oh Great! I was Reincarnated as a Farmer
litrpg-gamelit	9463	The Mayor of Noobtown
litrpg-gamelit	2423	Bibliomancer
litrpg-gamelit	2756	Temple of Sorrow
litrpg-gamelit	4884	Opening Moves
litrpg-gamelit	4765	Survival
