series	progression	isekai
9 to 5 Monster Hunter	crafting-profession,litrpg	isekai
A Budding Scientist in a Fantasy World (Completed)	litrpg	isekai
A Crown Forged in Curse and Blood	vrmmo	isekai,isekai/media-world
A Gamer's Guide To Beating The Tutorial	litrpg,tower-climbing	isekai
A Glitch in the System	litrpg,tower-climbing	isekai
A Legacy of Blades	tower-climbing,vrmmo	isekai,isekai/media-world
A Novel Concept - He Who Eludes Death	litrpg	isekai
A Reluctant Heroine	litrpg	isekai,isekai/media-world
A Soldier's Life	dungeon-crawler,gamelit	isekai
A Touch of Power	litrpg,magic-academy	isekai
A Tyrant, Sort Of	dungeon-crawler,litrpg	isekai,isekai/reincarnation
Ace of Capes	dungeon-crawler,litrpg,magic-academy	isekai
Adrenaline Junkie	litrpg,system-apocalypse	isekai
Aeonshade	crafting-profession,litrpg	isekai
Agenda of the Villainess	magic-academy	isekai
Alchemist Girl in a Magicless World	litrpg	isekai,isekai/media-world
Alone Once More	progression-core	isekai
Amber the Cursed Berserker ()	litrpg	isekai
Amelia Thornheart	progression-core	isekai
Amelia the Level Zero Hero	litrpg	isekai
An Infinite Recursion of Time	litrpg	isekai
An Otherworldly Scholar	litrpg	isekai
An Unbound Soul	dungeon-crawler,litrpg	isekai
Anathema	litrpg,system-apocalypse	isekai
Annihilation Core	dungeon-core,litrpg	isekai
Another Dungeon Core	dungeon-core,litrpg	isekai
Apocalyptic System Breaker	litrpg	isekai
Ar'Kendrithyst	litrpg	isekai
Arc the SS Tier Heroine	gamelit	isekai
Arcane Exfil	progression-core	isekai
Arcane Juggernaut	litrpg,system-apocalypse	isekai
ArchSpire	tower-climbing,vrmmo	isekai,isekai/media-world
Archmage from Another World: Gaining Administrator Access	dungeon-crawler,litrpg	isekai
Archmage to Druid: The Level 1 Transmigrator	litrpg	isekai,isekai/reincarnation
August Intruder	litrpg,magic-academy	isekai
Barbarian Awakening	dungeon-crawler,litrpg	isekai
Barbarian Queen Conquest	crafting-profession,litrpg	isekai
Behemoth of the Ocean	crafting-profession,litrpg	isekai
Beneath the Dragoneye Moons	litrpg	isekai,isekai/reincarnation
Bioshifter	magic-academy	isekai
Black Core Summoner	dungeon-core,litrpg	isekai
Blackflame Mage	dungeon-crawler,litrpg	isekai
Blacksmith of the Apocalypse	dungeon-crawler,litrpg	isekai
Blessed	crafting-profession,litrpg	isekai
Blessed by Death: An Archmage's Second Life	litrpg	isekai,isekai/reincarnation
Blue Freesia	gamelit	isekai,isekai/media-world
Board & Conquest	litrpg	isekai
Bog Standard Isekai	litrpg	isekai
Bookworm to Badass	gamelit	isekai
Born to Be a Pacifist, Forced to Be a Villainess	litrpg	isekai,isekai/media-world
Brimstone Fantasy	litrpg	isekai,isekai/reincarnation
Chaotic Craftsman Worships The Cube	dungeon-crawler,litrpg	isekai
Checkbox Omniverse: I Selected Every Tag and Broke Reality	vrmmo	isekai,isekai/media-world
Cinnamon Bun	dungeon-crawler,litrpg	isekai
Clara Casewell, Attorney to the Villainess	magic-academy	isekai,isekai/media-world
Class:God	litrpg,system-apocalypse	isekai
Click Yes to Continue	vrmmo	isekai,isekai/media-world
Conquering New Earth	gamelit	isekai
Conscripted Crafter - The Dead Man Gives	litrpg,tower-climbing	isekai
Construction Mage	dungeon-crawler,litrpg	isekai
Coreless Dungeon	litrpg	isekai
Corgi Climber	litrpg,tower-climbing	isekai
Crimson Reverie: Echoes of Seraphine	progression-core	isekai,isekai/media-world
Critical Roleplay: I Min-Maxed For Endgame, Not Flavor	gamelit	isekai,isekai/reincarnation
Cultist of Cerebon	litrpg	isekai,isekai/reincarnation
DIE TRYING	litrpg	isekai
Dan's Otherworldly Dungeon	dungeon-core,litrpg	isekai
Dark Matter Ascension	litrpg,system-apocalypse	isekai
DarkRE: Shadows of Nekrom	litrpg	isekai
Deadline Love: Too Bad the Author Only Believes in Tragedies	gamelit	isekai,isekai/media-world
Deadworld Isekai	dungeon-crawler,litrpg	isekai
Death After Death	dungeon-crawler,gamelit	isekai,isekai/reincarnation
Deathworld Commando: Reborn	progression-core	isekai,isekai/reincarnation
Delve	litrpg	isekai
Department of Otherworld Rescue	litrpg	isekai
Doom Route Breaker: Reborn as the Empire's Queen	litrpg	isekai,isekai/media-world
Draconic Ascension	dungeon-crawler,litrpg,system-apocalypse	isekai
Draconic Karma Dungeon	dungeon-core,litrpg	isekai
Dragon Core	dungeon-core,litrpg	isekai,isekai/media-world
Dreadspire: The Weakest Druid	litrpg,tower-climbing	isekai
DreamFarer: In a Body of a Scourged Flower	gamelit	isekai,isekai/media-world
Dreams Come True	magic-academy	isekai
Dungeon 42	dungeon-core,gamelit	isekai
Dungeon Core Baby	dungeon-core,litrpg	isekai
Dungeon Core Online	dungeon-core,magic-academy,vrmmo	isekai,isekai/media-world
Dungeon Core/Realm Heart	dungeon-core,litrpg	isekai
Dungeon Diver: Stealing A Monster’s Power	dungeon-crawler,litrpg	isekai
Dungeon Engineer	dungeon-core	isekai
Dungeon Life	dungeon-core,litrpg	isekai
Dungeon Pearl	dungeon-core	isekai
Dungeon Tour Guide	dungeon-core,litrpg	isekai
Eldanar’s Chosen	litrpg,system-apocalypse	isekai
Ends of Magic	litrpg	isekai
Engine of Reincarnation	litrpg	isekai,isekai/reincarnation
Engineering, Magic, and Kitsune	progression-core	isekai
Entrapment: A Naturalist Guide to Tamuel	crafting-profession,gamelit	isekai
Entropy Summon	litrpg	isekai
Epilogue	magic-academy	isekai
Escaping Alasta’s Harem!	litrpg,tower-climbing	isekai
Eternus Online	vrmmo	isekai,isekai/media-world
Ethereal Ascendance: A Journey of Transformation	system-apocalypse	isekai
Evermount: I Was Betrayed By My Guild, So I Restarted The Game	vrmmo	isekai,isekai/media-world
Everrain Reincarnation	litrpg	isekai
Explorer of Edregon	litrpg	isekai
Extra’s Mantle: Wait, What Do You Mean I Shouldn’t Exist?!	litrpg,tower-climbing	isekai
FINAL CORE	dungeon-core,litrpg	isekai
FRIGSDAY: CHILD OF SIN	vrmmo	isekai,isekai/media-world
Familiar Magic	litrpg	isekai
Fart Sparkles Enters the Catacombs	tower-climbing	isekai
Fate Points	dungeon-crawler,litrpg	isekai
Fated To Fall	litrpg,magic-academy	isekai
Final Boss Ex-Girlfriend	litrpg,tower-climbing	isekai
Flirting with Death	progression-core	isekai
Forever Fantasy Online	vrmmo	isekai,isekai/media-world
Forged Legacy	litrpg,system-apocalypse	isekai
Friendly Fyre	dungeon-core,litrpg	isekai
From Londoner To Lord	progression-core	isekai,isekai/reincarnation
Gamer Girl Evolution	vrmmo	isekai,isekai/media-world
Gifted	litrpg,magic-academy	isekai,isekai/reincarnation
Glimpse of Eternity	litrpg,magic-academy	isekai
Glitched	litrpg	isekai,isekai/media-world
Godsrealm Games	vrmmo	isekai,isekai/media-world
Gun Girl from Another World	crafting-profession,litrpg	isekai
HELL CLIMBER	litrpg,tower-climbing	isekai
He Who Fights with Monsters	litrpg	isekai
Heavy Metal	dungeon-core,litrpg	isekai,isekai/reincarnation
Hell Difficulty Tutorial	litrpg	isekai
Hell Horizon: Healer	litrpg,tower-climbing	isekai
Hell Hound Evolution	dungeon-crawler,litrpg	isekai
Hell's Wonderland	vrmmo	isekai,isekai/media-world
Help! I Pulled an SSS-Rank Demon King but now He Wants Me Dead!	gamelit	isekai,isekai/media-world
Herald of death	litrpg,system-apocalypse	isekai
Hive Minds Give Good Hugs	magic-academy	isekai
Hocus, Pocus, Hypothesis	litrpg	isekai,isekai/reincarnation
Homesteading in a fantasy world	crafting-profession,litrpg	isekai
Horizon of War	progression-core	isekai
How I Was Accidentally Summoned in a Cult as the Demon Princess	litrpg	isekai,isekai/reincarnation
How To Be A System (Dummy-Proof Edition)	litrpg,system-apocalypse	isekai
How to Live in the Countryside as the Banished Villainess	litrpg	isekai,isekai/media-world
How to Survive as a Starter Villainess	litrpg	isekai,isekai/media-world
I Became The Scoundrel In The Popular Dating Sim	gamelit,magic-academy	isekai,isekai/reincarnation
I Became the Worst Streamer in Another World	vrmmo	isekai,isekai/media-world
I CLIMB	litrpg,tower-climbing	isekai
I Refuse to be the Mid-Game Boss!	crafting-profession,litrpg	isekai,isekai/media-world
I Woke Up as the Villainess's Friend. I Don’t Want to Be the Next Dark Queen	dungeon-crawler,litrpg,magic-academy	isekai,isekai/media-world
I Won't Be The Villainess, I'll Be A Mage Chef!	gamelit	isekai,isekai/media-world
I became the Silver-Haired Villainess who hated by all, So Why Is the Heroine and crown prince are obsessed with me?	litrpg	isekai,isekai/media-world
Industrial Mage	litrpg	isekai,isekai/reincarnation
Inexorable Chaos	dungeon-crawler,litrpg	isekai,isekai/reincarnation
Infinite Farmer	dungeon-crawler,litrpg	isekai
Irwin's Journey - The Cardsmith	crafting-profession,gamelit	isekai
Isekai Fruit Glitch	litrpg	isekai,isekai/media-world
Isekai'D Shoggoth	gamelit,magic-academy	isekai
Isekai'd Legion	litrpg	isekai
Jackal Among Snakes	gamelit	isekai
Journey to Veresavir	litrpg	isekai
Just Add Mana	litrpg,magic-academy	isekai,isekai/reincarnation
Keeper of Totality	litrpg,tower-climbing	isekai
Labyrinth of the Mad God	litrpg	isekai
Level One God	litrpg	isekai
Liberty and Death	litrpg,system-apocalypse	isekai
Library System Reset	progression-core	isekai
Loopshard	dungeon-crawler,litrpg,tower-climbing	isekai
Love Academy - This Villainess Doesn't Want To Fall To Darkness!	gamelit	isekai,isekai/media-world
Love, Life, and Lycanthropy!	crafting-profession,litrpg	isekai
Low-Fantasy Occultist	dungeon-crawler,litrpg	isekai,isekai/reincarnation
MAZE - The Endless Quest	dungeon-core,litrpg	isekai
Mage Tank	dungeon-crawler,litrpg	isekai,isekai/reincarnation
Magic Murder Cube Marine	dungeon-crawler,litrpg	isekai
Magic is Programming	dungeon-crawler,litrpg	isekai,isekai/reincarnation
Magical Engineering	dungeon-core,dungeon-crawler,litrpg	isekai
Magical Girl Rending Nightmare	system-apocalypse	isekai
Manifest Fantasy	dungeon-crawler	isekai
Mantis Shrimp in the Tournament of Gods	litrpg,tower-climbing	isekai
Mark of the Crijik	litrpg,magic-academy	isekai
Martial Arts Vs Magic: The Chronicles of the Martial God	litrpg,magic-academy	isekai
Master of the Loop	gamelit	isekai
Memoirs of Your Local Small-time Villainess	progression-core	isekai
MetaJoy	litrpg	isekai,isekai/media-world
Might as Well	vrmmo	isekai,isekai/media-world,isekai/reincarnation
Mind's Reach	litrpg,tower-climbing	isekai
Moneymaker	litrpg,magic-academy	isekai
Monroe	dungeon-crawler,litrpg	isekai
Monster Punk Horizon	gamelit	isekai
More to Love	litrpg,magic-academy	isekai
Morgan and Merlin's Excellent Adventures	progression-core	isekai
Murphy's Law	litrpg,tower-climbing	isekai
My New Life As A Max Level Dragon	crafting-profession,litrpg,system-apocalypse	isekai
My New Life As The Party Healer	vrmmo	isekai,isekai/media-world
My Second Chance As A Sword	litrpg	isekai,isekai/media-world
My Twin and I Are Sitting in the Front Row	progression-core	isekai,isekai/media-world
Mythshaper	dungeon-crawler,litrpg,magic-academy	isekai,isekai/reincarnation
Necrodungeon	litrpg,tower-climbing	isekai
Neon Dragons	litrpg	isekai,isekai/reincarnation
New Disaster	litrpg,system-apocalypse	isekai
New Life as a Max Level Archmage	litrpg	isekai,isekai/reincarnation
Newly Summoned Demoness	litrpg	isekai
Nightmare Realm Summoner	litrpg	isekai
No Choice	dungeon-core,litrpg	isekai
No One Truly Dies in My Dungeon	dungeon-core,dungeon-crawler,gamelit	isekai
Nyx the Demon Girl	litrpg,magic-academy	isekai,isekai/media-world
Obligate of a Self-Ordained Sorcerer	litrpg	isekai
Offworlder: Ten Lives Left	litrpg	isekai
One Last Sunset	vrmmo	isekai,isekai/media-world
One Was Worthy	litrpg	isekai,isekai/reincarnation
Only Villains Do That	progression-core	isekai
Optional build	dungeon-core,litrpg	isekai
Otherworldly	crafting-profession,litrpg	isekai
Our Journey's End	tower-climbing,vrmmo	isekai,isekai/media-world
Overleveled: Arrival in a New World	dungeon-crawler,litrpg	isekai
Owning an Inn with the Villianess	gamelit	isekai,isekai/media-world
Part-Time Archmage, Full-Time Office Drone	litrpg,tower-climbing	isekai
Past Life Hunter	gamelit	isekai,isekai/media-world
Penitent	litrpg	isekai,isekai/reincarnation
Periapt	crafting-profession,litrpg	isekai
Pioneer of the Abyss	litrpg	isekai
Play Scared	litrpg,system-apocalypse	isekai,isekai/media-world
Portal to Nova Roma	litrpg,system-apocalypse	isekai
Prestige Grinding : I Can Reset My Level	litrpg	isekai,isekai/reincarnation
Project Babel	tower-climbing,vrmmo	isekai,isekai/media-world
Quill & Still	crafting-profession,litrpg	isekai
Re: Jager	litrpg	isekai
Re:Chimaera	litrpg	isekai
Reaching Shenvora	litrpg	isekai,isekai/media-world
Reader's Rise In An Unread World	litrpg,tower-climbing	isekai
Reborn as a Demon Hat	dungeon-core,litrpg	isekai
Rebuilding Science in a Magic World	crafting-profession,litrpg	isekai
Reincarnated as a Brewer (Against My Better judgement)	crafting-profession	isekai
Reincarnated as a Castle!	crafting-profession,dungeon-core,litrpg	isekai
Reincarnated as the Villainess’s Butler – Wait, I’m the Final Boss?	litrpg	isekai,isekai/media-world
Reincarnated in a Decaying Fantasy World with Two Maids	progression-core	isekai,isekai/media-world
Reincarnated in a Shounen Manga	magic-academy	isekai
Repentance Game	litrpg	isekai,isekai/media-world
Respawn Condition: Trash Mob	dungeon-core,litrpg,tower-climbing	isekai
Respec On Death	litrpg	isekai
Resurrection Raid	litrpg,system-apocalypse	isekai
Return of the Runebound Professor	gamelit,magic-academy	isekai,isekai/reincarnation
Reverse Engineered Magic	litrpg,system-apocalypse	isekai
Rewriting worlds	gamelit	isekai,isekai/media-world
Rise Of The Unbound Flame	crafting-profession,litrpg	isekai
Rise of The Living Enchantment	litrpg	isekai,isekai/reincarnation
Rise of the Devourer	litrpg	isekai
Rise of the Living Forge	litrpg	isekai
SCHEMA: The Record Does Not Round	litrpg,tower-climbing	isekai
SHACKLED【REINCARNATING IN A YANDERE SURVIVAL HORROR】	progression-core	isekai,isekai/media-world
Saga of the Soul Dungeon	dungeon-core,dungeon-crawler,litrpg	isekai,isekai/reincarnation
Saintess Summons Skeletons	litrpg	isekai
Salvos	litrpg	isekai
Samurai Chef	crafting-profession,litrpg	isekai
Save Scumming	dungeon-crawler	isekai
Second Life as a Soldier	litrpg	isekai,isekai/reincarnation
Second Summons	progression-core	isekai
Self Employed	litrpg,system-apocalypse	isekai
Shadow Clone Sorcery	litrpg	isekai
Shadows Over Arcadia	crafting-profession	isekai
Singer Sailor Merchant Mage	litrpg	isekai,isekai/reincarnation
Sins of the Healer	progression-core	isekai
Skill Eater	litrpg	isekai
Skill Thief - The Color of Another World	litrpg	isekai
Skyward Ascension	litrpg,system-apocalypse	isekai
Slave Origin Playthrough	dungeon-crawler,gamelit	isekai
Song of the Gift-Giver	litrpg,magic-academy	isekai
Soul Nexus	tower-climbing	isekai
Soul of Blades	litrpg,system-apocalypse	isekai
Soul of the Warrior	litrpg	isekai,isekai/reincarnation
Soulweaver	litrpg	isekai
Spell Bow	litrpg,system-apocalypse	isekai
Sporemageddon	dungeon-core,litrpg	isekai,isekai/reincarnation
Star Divers	gamelit	isekai
Starfall Princess	litrpg	isekai,isekai/media-world
Stop Isekai’ng Into My Damn World! (HiveMind 2.0)	vrmmo	isekai,isekai/media-world
Stuck in Another World as a Beautiful Fool	progression-core	isekai,isekai/media-world
Summoned: Familiar of the Dark Magician	progression-core	isekai,isekai/media-world
Sun Mage: Apocalypse	litrpg,system-apocalypse	isekai
Syl	litrpg	isekai,isekai/reincarnation
Symphony of Samsara	litrpg	isekai,isekai/media-world
System Error	dungeon-core,litrpg	isekai
System Infernal	litrpg,system-apocalypse	isekai
System Lost: My Own Best Friend	dungeon-crawler,litrpg	isekai
System Outcast	litrpg,system-apocalypse	isekai
System Reset: Forged in Nightmare	litrpg,system-apocalypse	isekai
System Universe	dungeon-crawler,litrpg	isekai
THE ASCENDER'S LEGACY	crafting-profession,litrpg	isekai
Tail Devourer	dungeon-core,litrpg	isekai
Technomagica	litrpg	isekai,isekai/reincarnation
Teren Marr, Again	progression-core	isekai
The Administrator	magic-academy	isekai
The Agartha Loop	system-apocalypse	isekai
The Armorer and the Infinite Dungeon	dungeon-core,litrpg	isekai
The Art of Seeking Gold	litrpg,magic-academy	isekai
The Artificer's Guide to the Apocalypse	crafting-profession,litrpg	isekai
The Calamitous Bob	litrpg	isekai
The Castle in the middle of nowhere.	dungeon-core,gamelit	isekai
The Demonic Mage: Trapped in the Impossible Dungeon	litrpg,system-apocalypse	isekai
The Devil's Foundry	litrpg	isekai
The Discarded Villainess	progression-core	isekai,isekai/media-world
The Discarded, Half-Eaten Apple Core New Life. An OP Dungeon Post-Apocalyptic LitRPG.	dungeon-core,litrpg	isekai
The Doomsday Reaver	crafting-profession,litrpg	isekai
The Dungeon Without a System	dungeon-core	isekai,isekai/reincarnation
The Emperor Without An Empire	crafting-profession,litrpg	isekai
The Eternal Assassin	litrpg	isekai
The Factory Must Grow	crafting-profession,litrpg	isekai
The Fallen World : A Dungeon's Story	dungeon-core	isekai
The First Great Game	dungeon-crawler,litrpg	isekai
The Gamble King	litrpg	isekai
The Gate Traveler	litrpg	isekai
The Gilded Hero	litrpg	isekai
The God of Death Just Wants to Quit?!	crafting-profession,litrpg	isekai
The God's Gauntlet: A Multi-Dimensional Scavenger Hunt	litrpg,tower-climbing	isekai
The Gods’ Gacha Game: Return of the God-King	dungeon-crawler,litrpg	isekai
The Greatest Archmage To Have Ever Lived	litrpg	isekai
The Heart Grows	dungeon-core,litrpg	isekai
The Ill Starred Knight	litrpg	isekai
The Integrated Lands	litrpg,system-apocalypse	isekai
The Laziest Archmage	dungeon-core,litrpg	isekai
The Lord of the Seas	progression-core	isekai
The Magpie and The Archmage	litrpg	isekai,isekai/reincarnation
The Mythos Chronicles	litrpg,system-apocalypse	isekai
The Nameless Engineer	crafting-profession,litrpg	isekai
The Necro-Industrial Revolution	crafting-profession	isekai
The Necromancer of the Immortal Realm	litrpg,system-apocalypse	isekai
The Noble Girl Who Was Never Meant to Exist	litrpg	isekai,isekai/media-world
The Oscillation	litrpg,system-apocalypse	isekai
The Princess Dies In The Tutorial	litrpg	isekai,isekai/media-world
The Regressor's Arcane Path: I Tried Every Path and mage is the only role left!	litrpg,tower-climbing	isekai
The Reincarnation of Alysara	litrpg	isekai,isekai/reincarnation
The Runesmith	dungeon-crawler,litrpg	isekai
The Runic Artist	litrpg	isekai
The Samurai Reborn as a Villainess Who Redefined Beauty	gamelit	isekai,isekai/media-world
The Second Stranger	tower-climbing	isekai
The Sketchy Gentleman Wants To Build A Sect?	litrpg,tower-climbing	isekai
The Solitary Sword Sovereign	vrmmo	isekai,isekai/media-world
The Sovereign's Toll	dungeon-crawler,litrpg	isekai,isekai/reincarnation
The Strongest Hunter Who Just Wants a Quiet Life (But His Second-in Command Won't Let Him)	litrpg	isekai,isekai/media-world
The Survivor Becomes a Dungeon	dungeon-core	isekai
The System Maker	crafting-profession,litrpg	isekai
The Uprising of The Hero Party's Underling	litrpg,magic-academy	isekai
The Villainess Slays	litrpg	isekai,isekai/media-world
The Villainess is the Villainess	litrpg	isekai,isekai/media-world
The Villainess' Mandate	litrpg	isekai,isekai/media-world
The Violet Queen: golden cage	vrmmo	isekai,isekai/media-world
The Wandering Fairy	dungeon-crawler,litrpg	isekai
The Wandsmith	crafting-profession,litrpg	isekai
The Way Ahead	litrpg	isekai
The Weakest Kobold in the Dungeon Gets a Level	tower-climbing,vrmmo	isekai,isekai/media-world
The Witch's Diamond	vrmmo	isekai,isekai/media-world
The Worst LitRPG Story on Royal Road	litrpg	isekai,isekai/media-world
The Young Master in the Shadows	litrpg,magic-academy	isekai
The trEND of The World	crafting-profession,litrpg,system-apocalypse	isekai
This Necromancer Raised Civilization Instead of the Dead	crafting-profession,litrpg	isekai
This World Has Too Many Main Characters	litrpg	isekai,isekai/media-world
This Young Lady Dominates Over All!	litrpg	isekai,isekai/media-world
Titan Rift	crafting-profession,litrpg	isekai
To Walk The Red Path	system-apocalypse	isekai
Too Stubborn to Die	litrpg	isekai
Tori Transmigrated	magic-academy	isekai,isekai/reincarnation
Tower Bound The Warden's Ascent	litrpg,tower-climbing	isekai
Traitor Hero	litrpg,system-apocalypse	isekai
Transcendent Resurgence: Regressing on an abandoned Earth	litrpg	isekai
Tree of Aeons	gamelit	isekai,isekai/reincarnation
Trials of the Jötunn	crafting-profession,litrpg,tower-climbing	isekai
Tyrants of Earth	dungeon-crawler,litrpg,tower-climbing	isekai
UFF: Otome Love	vrmmo	isekai,isekai/media-world
Unbound	litrpg	isekai
Unbound Elder	crafting-profession,litrpg	isekai
Undersea Reincarnation	litrpg	isekai,isekai/reincarnation
Unmade	tower-climbing	isekai
Unsated	litrpg,system-apocalypse	isekai
Vampire Core: Reborn as the Hot Evil Vampire Lord, But I’m Socially Awkward	dungeon-core,litrpg	isekai
Villainess Joan of Arc	litrpg	isekai,isekai/media-world
Villainess of Tangled Tragedies	litrpg,magic-academy,tower-climbing	isekai,isekai/media-world
WHETHER IS IT A GAME OR A NOVEL?	progression-core	isekai,isekai/media-world
WORLDSEED (COMPLETED SERIES, 5 BOOKS)	litrpg	isekai,isekai/reincarnation
Wayward	progression-core	isekai
Wearing Power Armor to a Magic School	magic-academy	isekai
Weeaboo's Unfortunate Isekai: The Necromancer's Gacha	dungeon-crawler,gamelit	isekai
Who Says This OL Can't Become A Splendid Slime!?	litrpg	isekai,isekai/reincarnation
Why Does Everyone Think I Am Dating My Avatars?	gamelit	isekai,isekai/media-world
Will of the Wizards	litrpg	isekai
Worth the Candle	litrpg	isekai
Worthy Core	dungeon-core,litrpg	isekai
Wraithwood Botanist	litrpg	isekai
Yona	dungeon-core,litrpg	isekai,isekai/reincarnation
You're Walking in the Woods	litrpg,tower-climbing	isekai
carl@fire	vrmmo	isekai,isekai/media-world
